Date,Event
2020-01-01 00:00:00,
2020-01-02 00:00:00,
2020-01-03 00:00:00,
2020-01-04 00:00:00,
2020-01-05 00:00:00,
2020-01-06 00:00:00,
2020-01-07 00:00:00,
2020-01-08 00:00:00,
2020-01-09 00:00:00,Winter Youth Olympics
2020-01-10 00:00:00,Winter Youth Olympics
2020-01-11 00:00:00,Winter Youth Olympics
2020-01-12 00:00:00,Winter Youth Olympics
2020-01-13 00:00:00,Winter Youth Olympics
2020-01-14 00:00:00,Winter Youth Olympics
2020-01-15 00:00:00,Winter Youth Olympics
2020-01-16 00:00:00,Winter Youth Olympics
2020-01-17 00:00:00,Winter Youth Olympics
2020-01-18 00:00:00,Winter Youth Olympics
2020-01-19 00:00:00,Winter Youth Olympics
2020-01-20 00:00:00,"Winter Youth Olympics, Australian Open"
2020-01-21 00:00:00,"Winter Youth Olympics, Australian Open"
2020-01-22 00:00:00,"Winter Youth Olympics, Australian Open"
2020-01-23 00:00:00,"Australian Open, Winter X Games 24"
2020-01-24 00:00:00,"Australian Open, Winter X Games 24"
2020-01-25 00:00:00,"Australian Open, Winter X Games 24"
2020-01-26 00:00:00,"Australian Open, Winter X Games 24"
2020-01-27 00:00:00,Australian Open
2020-01-28 00:00:00,Australian Open
2020-01-29 00:00:00,Australian Open
2020-01-30 00:00:00,Australian Open
2020-01-31 00:00:00,Australian Open
2020-02-01 00:00:00,"Australian Open, Six Nations"
2020-02-02 00:00:00,"Australian Open, Six Nations, Super Bowl"
2020-02-03 00:00:00,Six Nations
2020-02-04 00:00:00,Six Nations
2020-02-05 00:00:00,Six Nations
2020-02-06 00:00:00,Six Nations
2020-02-07 00:00:00,Six Nations
2020-02-08 00:00:00,Six Nations
2020-02-09 00:00:00,Six Nations
2020-02-10 00:00:00,Six Nations
2020-02-11 00:00:00,Six Nations
2020-02-12 00:00:00,Six Nations
2020-02-13 00:00:00,Six Nations
2020-02-14 00:00:00,Six Nations
2020-02-15 00:00:00,Six Nations
2020-02-16 00:00:00,Six Nations
2020-02-17 00:00:00,Six Nations
2020-02-18 00:00:00,Six Nations
2020-02-19 00:00:00,Six Nations
2020-02-20 00:00:00,"Six Nations, IWAS World Games"
2020-02-21 00:00:00,"Six Nations, IWAS World Games, ICC World T20 (women)"
2020-02-22 00:00:00,"Six Nations, IWAS World Games, ICC World T20 (women)"
2020-02-23 00:00:00,"Six Nations, IWAS World Games, ICC World T20 (women)"
2020-02-24 00:00:00,"Six Nations, IWAS World Games, ICC World T20 (women)"
2020-02-25 00:00:00,"Six Nations, IWAS World Games, ICC World T20 (women)"
2020-02-26 00:00:00,"Six Nations, IWAS World Games, ICC World T20 (women), World Track Championships"
2020-02-27 00:00:00,"Six Nations, IWAS World Games, ICC World T20 (women), World Track Championships"
2020-02-28 00:00:00,"Six Nations, IWAS World Games, ICC World T20 (women), World Track Championships"
2020-02-29 00:00:00,"Six Nations, ICC World T20 (women), World Track Championships"
2020-03-01 00:00:00,"Six Nations, ICC World T20 (women), World Track Championships"
2020-03-02 00:00:00,"Six Nations, ICC World T20 (women)"
2020-03-03 00:00:00,"Six Nations, ICC World T20 (women)"
2020-03-04 00:00:00,"Six Nations, ICC World T20 (women)"
2020-03-05 00:00:00,"Six Nations, ICC World T20 (women)"
2020-03-06 00:00:00,"Six Nations, ICC World T20 (women)"
2020-03-07 00:00:00,"Six Nations, ICC World T20 (women)"
2020-03-08 00:00:00,"Six Nations, ICC World T20 (women)"
2020-03-09 00:00:00,Six Nations
2020-03-10 00:00:00,Six Nations
2020-03-11 00:00:00,Six Nations
2020-03-12 00:00:00,Six Nations
2020-03-13 00:00:00,Six Nations
2020-03-14 00:00:00,Six Nations
2020-03-15 00:00:00,
2020-03-16 00:00:00,
2020-03-17 00:00:00,
2020-03-18 00:00:00,
2020-03-19 00:00:00,
2020-03-20 00:00:00,
2020-03-21 00:00:00,
2020-03-22 00:00:00,
2020-03-23 00:00:00,
2020-03-24 00:00:00,
2020-03-25 00:00:00,
2020-03-26 00:00:00,
2020-03-27 00:00:00,
2020-03-28 00:00:00,
2020-03-29 00:00:00,
2020-03-30 00:00:00,
2020-03-31 00:00:00,
2020-04-01 00:00:00,
2020-04-02 00:00:00,
2020-04-03 00:00:00,
2020-04-04 00:00:00,
2020-04-05 00:00:00,
2020-04-06 00:00:00,
2020-04-07 00:00:00,
2020-04-08 00:00:00,
2020-04-09 00:00:00,
2020-04-10 00:00:00,
2020-04-11 00:00:00,
2020-04-12 00:00:00,
2020-04-13 00:00:00,
2020-04-14 00:00:00,
2020-04-15 00:00:00,
2020-04-16 00:00:00,
2020-04-17 00:00:00,
2020-04-18 00:00:00,
2020-04-19 00:00:00,
2020-04-20 00:00:00,
2020-04-21 00:00:00,
2020-04-22 00:00:00,
2020-04-23 00:00:00,
2020-04-24 00:00:00,
2020-04-25 00:00:00,
2020-04-26 00:00:00,
2020-04-27 00:00:00,
2020-04-28 00:00:00,
2020-04-29 00:00:00,
2020-04-30 00:00:00,
2020-05-01 00:00:00,
2020-05-02 00:00:00,
2020-05-03 00:00:00,
2020-05-04 00:00:00,
2020-05-05 00:00:00,
2020-05-06 00:00:00,
2020-05-07 00:00:00,
2020-05-08 00:00:00,
2020-05-09 00:00:00,
2020-05-10 00:00:00,
2020-05-11 00:00:00,
2020-05-12 00:00:00,
2020-05-13 00:00:00,
2020-05-14 00:00:00,
2020-05-15 00:00:00,
2020-05-16 00:00:00,
2020-05-17 00:00:00,
2020-05-18 00:00:00,
2020-05-19 00:00:00,
2020-05-20 00:00:00,
2020-05-21 00:00:00,
2020-05-22 00:00:00,
2020-05-23 00:00:00,
2020-05-24 00:00:00,
2020-05-25 00:00:00,
2020-05-26 00:00:00,
2020-05-27 00:00:00,
2020-05-28 00:00:00,
2020-05-29 00:00:00,
2020-05-30 00:00:00,
2020-05-31 00:00:00,
2020-06-01 00:00:00,
2020-06-02 00:00:00,
2020-06-03 00:00:00,
2020-06-04 00:00:00,
2020-06-05 00:00:00,
2020-06-06 00:00:00,
2020-06-07 00:00:00,
2020-06-08 00:00:00,
2020-06-09 00:00:00,
2020-06-10 00:00:00,
2020-06-11 00:00:00,
2020-06-12 00:00:00,
2020-06-13 00:00:00,
2020-06-14 00:00:00,
2020-06-15 00:00:00,
2020-06-16 00:00:00,
2020-06-17 00:00:00,
2020-06-18 00:00:00,
2020-06-19 00:00:00,
2020-06-20 00:00:00,
2020-06-21 00:00:00,
2020-06-22 00:00:00,
2020-06-23 00:00:00,
2020-06-24 00:00:00,
2020-06-25 00:00:00,
2020-06-26 00:00:00,
2020-06-27 00:00:00,
2020-06-28 00:00:00,
2020-06-29 00:00:00,
2020-06-30 00:00:00,
2020-07-01 00:00:00,
2020-07-02 00:00:00,
2020-07-03 00:00:00,
2020-07-04 00:00:00,
2020-07-05 00:00:00,
2020-07-06 00:00:00,
2020-07-07 00:00:00,
2020-07-08 00:00:00,
2020-07-09 00:00:00,
2020-07-10 00:00:00,
2020-07-11 00:00:00,
2020-07-12 00:00:00,
2020-07-13 00:00:00,
2020-07-14 00:00:00,
2020-07-15 00:00:00,
2020-07-16 00:00:00,
2020-07-17 00:00:00,
2020-07-18 00:00:00,
2020-07-19 00:00:00,
2020-07-20 00:00:00,
2020-07-21 00:00:00,
2020-07-22 00:00:00,
2020-07-23 00:00:00,
2020-07-24 00:00:00,
2020-07-25 00:00:00,
2020-07-26 00:00:00,
2020-07-27 00:00:00,
2020-07-28 00:00:00,
2020-07-29 00:00:00,
2020-07-30 00:00:00,
2020-07-31 00:00:00,World Snooker Championship
2020-08-01 00:00:00,World Snooker Championship
2020-08-02 00:00:00,World Snooker Championship
2020-08-03 00:00:00,World Snooker Championship
2020-08-04 00:00:00,World Snooker Championship
2020-08-05 00:00:00,World Snooker Championship
2020-08-06 00:00:00,"World Snooker Championship, US PGA"
2020-08-07 00:00:00,"World Snooker Championship, US PGA"
2020-08-08 00:00:00,"World Snooker Championship, US PGA"
2020-08-09 00:00:00,"World Snooker Championship, US PGA"
2020-08-10 00:00:00,World Snooker Championship
2020-08-11 00:00:00,World Snooker Championship
2020-08-12 00:00:00,World Snooker Championship
2020-08-13 00:00:00,World Snooker Championship
2020-08-14 00:00:00,World Snooker Championship
2020-08-15 00:00:00,World Snooker Championship
2020-08-16 00:00:00,World Snooker Championship
2020-08-17 00:00:00,
2020-08-18 00:00:00,
2020-08-19 00:00:00,
2020-08-20 00:00:00,
2020-08-21 00:00:00,
2020-08-22 00:00:00,
2020-08-23 00:00:00,"Indianapolis 500, UEFA Champions League Final"
2020-08-24 00:00:00,
2020-08-25 00:00:00,
2020-08-26 00:00:00,
2020-08-27 00:00:00,
2020-08-28 00:00:00,
2020-08-29 00:00:00,Tour de France
2020-08-30 00:00:00,Tour de France
2020-08-31 00:00:00,"Tour de France, US Open"
2020-09-01 00:00:00,"Tour de France, US Open"
2020-09-02 00:00:00,"Tour de France, US Open"
2020-09-03 00:00:00,"Tour de France, US Open"
2020-09-04 00:00:00,"Tour de France, US Open"
2020-09-05 00:00:00,"Tour de France, US Open, Kentucky Derby"
2020-09-06 00:00:00,"Tour de France, US Open"
2020-09-07 00:00:00,"Tour de France, US Open"
2020-09-08 00:00:00,"Tour de France, US Open"
2020-09-09 00:00:00,"Tour de France, US Open"
2020-09-10 00:00:00,"Tour de France, US Open"
2020-09-11 00:00:00,"Tour de France, US Open"
2020-09-12 00:00:00,"Tour de France, US Open"
2020-09-13 00:00:00,"Tour de France, US Open"
2020-09-14 00:00:00,Tour de France
2020-09-15 00:00:00,Tour de France
2020-09-16 00:00:00,Tour de France
2020-09-17 00:00:00,"Tour de France, US Open"
2020-09-18 00:00:00,"Tour de France, US Open"
2020-09-19 00:00:00,"Tour de France, US Open, 88th 24 Hours of Le Mans, Stanley Cup finals"
2020-09-20 00:00:00,"Tour de France, US Open, 88th 24 Hours of Le Mans, Stanley Cup finals"
2020-09-21 00:00:00,Stanley Cup finals
2020-09-22 00:00:00,Stanley Cup finals
2020-09-23 00:00:00,Stanley Cup finals
2020-09-24 00:00:00,"Stanley Cup finals, UCI Road World Championships"
2020-09-25 00:00:00,"Stanley Cup finals, UCI Road World Championships"
2020-09-26 00:00:00,"Stanley Cup finals, UCI Road World Championships"
2020-09-27 00:00:00,"Stanley Cup finals, UCI Road World Championships, French Open"
2020-09-28 00:00:00,"Stanley Cup finals, French Open"
2020-09-29 00:00:00,French Open
2020-09-30 00:00:00,"French Open, NBA Finals"
2020-10-01 00:00:00,"French Open, NBA Finals"
2020-10-02 00:00:00,"French Open, NBA Finals"
2020-10-03 00:00:00,"French Open, NBA Finals"
2020-10-04 00:00:00,"French Open, NBA Finals"
2020-10-05 00:00:00,"French Open, NBA Finals"
2020-10-06 00:00:00,"French Open, NBA Finals"
2020-10-07 00:00:00,"French Open, NBA Finals"
2020-10-08 00:00:00,"French Open, NBA Finals"
2020-10-09 00:00:00,"French Open, NBA Finals"
2020-10-10 00:00:00,"French Open, NBA Finals"
2020-10-11 00:00:00,"French Open, NBA Finals"
2020-10-12 00:00:00,
2020-10-13 00:00:00,
2020-10-14 00:00:00,
2020-10-15 00:00:00,
2020-10-16 00:00:00,
2020-10-17 00:00:00,
2020-10-18 00:00:00,
2020-10-19 00:00:00,
2020-10-20 00:00:00,World Series
2020-10-21 00:00:00,World Series
2020-10-22 00:00:00,World Series
2020-10-23 00:00:00,World Series
2020-10-24 00:00:00,"World Series, Grand Final"
2020-10-25 00:00:00,"World Series, NRL Grand Final"
2020-10-26 00:00:00,World Series
2020-10-27 00:00:00,World Series
2020-10-28 00:00:00,World Series
2020-10-29 00:00:00,
2020-10-30 00:00:00,
2020-10-31 00:00:00,
2020-11-01 00:00:00,
2020-11-02 00:00:00,
2020-11-03 00:00:00,Melbourne Cup
2020-11-04 00:00:00,
2020-11-05 00:00:00,
2020-11-06 00:00:00,
2020-11-07 00:00:00,
2020-11-08 00:00:00,
2020-11-09 00:00:00,
2020-11-10 00:00:00,
2020-11-11 00:00:00,
2020-11-12 00:00:00,Masters
2020-11-13 00:00:00,Masters
2020-11-14 00:00:00,Masters
2020-11-15 00:00:00,Masters
2020-11-16 00:00:00,
2020-11-17 00:00:00,
2020-11-18 00:00:00,
2020-11-19 00:00:00,
2020-11-20 00:00:00,
2020-11-21 00:00:00,
2020-11-22 00:00:00,
2020-11-23 00:00:00,
2020-11-24 00:00:00,
2020-11-25 00:00:00,
2020-11-26 00:00:00,
2020-11-27 00:00:00,
2020-11-28 00:00:00,
2020-11-29 00:00:00,
2020-11-30 00:00:00,
2020-12-01 00:00:00,
2020-12-02 00:00:00,
2020-12-03 00:00:00,
2020-12-04 00:00:00,
2020-12-05 00:00:00,
2020-12-06 00:00:00,
2020-12-07 00:00:00,
2020-12-08 00:00:00,
2020-12-09 00:00:00,
2020-12-10 00:00:00,
2020-12-11 00:00:00,
2020-12-12 00:00:00,
2020-12-13 00:00:00,
2020-12-14 00:00:00,
2020-12-15 00:00:00,
2020-12-16 00:00:00,
2020-12-17 00:00:00,
2020-12-18 00:00:00,
2020-12-19 00:00:00,
2020-12-20 00:00:00,
2020-12-21 00:00:00,
2020-12-22 00:00:00,
2020-12-23 00:00:00,
2020-12-24 00:00:00,
2020-12-25 00:00:00,
2020-12-26 00:00:00,
2020-12-27 00:00:00,
2020-12-28 00:00:00,
2020-12-29 00:00:00,
2020-12-30 00:00:00,
2020-12-31 00:00:00,
2021-01-01 00:00:00,
2021-01-02 00:00:00,
2021-01-03 00:00:00,
2021-01-04 00:00:00,
2021-01-05 00:00:00,
2021-01-06 00:00:00,
2021-01-07 00:00:00,
2021-01-08 00:00:00,
2021-01-09 00:00:00,
2021-01-10 00:00:00,
2021-01-11 00:00:00,
2021-01-12 00:00:00,
2021-01-13 00:00:00,World Championships (men)
2021-01-14 00:00:00,World Championships (men)
2021-01-15 00:00:00,World Championships (men)
2021-01-16 00:00:00,World Championships (men)
2021-01-17 00:00:00,World Championships (men)
2021-01-18 00:00:00,World Championships (men)
2021-01-19 00:00:00,World Championships (men)
2021-01-20 00:00:00,World Championships (men)
2021-01-21 00:00:00,World Championships (men)
2021-01-22 00:00:00,World Championships (men)
2021-01-23 00:00:00,World Championships (men)
2021-01-24 00:00:00,World Championships (men)
2021-01-25 00:00:00,World Championships (men)
2021-01-26 00:00:00,World Championships (men)
2021-01-27 00:00:00,World Championships (men)
2021-01-28 00:00:00,World Championships (men)
2021-01-29 00:00:00,"World Championships (men), Winter X Games 25"
2021-01-30 00:00:00,"World Championships (men), Winter X Games 25"
2021-01-31 00:00:00,"World Championships (men), Winter X Games 25"
2021-02-01 00:00:00,
2021-02-02 00:00:00,
2021-02-03 00:00:00,
2021-02-04 00:00:00,2020 FIFA Club World Cup
2021-02-05 00:00:00,2020 FIFA Club World Cup
2021-02-06 00:00:00,"2020 FIFA Club World Cup, Six Nations"
2021-02-07 00:00:00,"2020 FIFA Club World Cup, Six Nations, Super Bowl"
2021-02-08 00:00:00,"2020 FIFA Club World Cup, Six Nations, Australian Open, World Alpine Ski Championships"
2021-02-09 00:00:00,"2020 FIFA Club World Cup, Six Nations, Australian Open, World Alpine Ski Championships"
2021-02-10 00:00:00,"2020 FIFA Club World Cup, Six Nations, Australian Open, World Alpine Ski Championships"
2021-02-11 00:00:00,"2020 FIFA Club World Cup, Six Nations, Australian Open, World Alpine Ski Championships"
2021-02-12 00:00:00,"Six Nations, Australian Open, World Alpine Ski Championships"
2021-02-13 00:00:00,"Six Nations, Australian Open, World Alpine Ski Championships"
2021-02-14 00:00:00,"Six Nations, Australian Open, World Alpine Ski Championships"
2021-02-15 00:00:00,"Six Nations, Australian Open, World Alpine Ski Championships"
2021-02-16 00:00:00,"Six Nations, Australian Open, World Alpine Ski Championships"
2021-02-17 00:00:00,"Six Nations, Australian Open, World Alpine Ski Championships"
2021-02-18 00:00:00,"Six Nations, Australian Open, World Alpine Ski Championships"
2021-02-19 00:00:00,"Six Nations, Australian Open, World Alpine Ski Championships"
2021-02-20 00:00:00,"Six Nations, Australian Open, World Alpine Ski Championships"
2021-02-21 00:00:00,"Six Nations, Australian Open, World Alpine Ski Championships"
2021-02-22 00:00:00,Six Nations
2021-02-23 00:00:00,"Six Nations, Nordic World Ski Championships"
2021-02-24 00:00:00,"Six Nations, Nordic World Ski Championships"
2021-02-25 00:00:00,"Six Nations, Nordic World Ski Championships"
2021-02-26 00:00:00,"Six Nations, Nordic World Ski Championships"
2021-02-27 00:00:00,"Six Nations, Nordic World Ski Championships"
2021-02-28 00:00:00,"Six Nations, Nordic World Ski Championships"
2021-03-01 00:00:00,"Six Nations, Nordic World Ski Championships"
2021-03-02 00:00:00,"Six Nations, Nordic World Ski Championships"
2021-03-03 00:00:00,"Six Nations, Nordic World Ski Championships"
2021-03-04 00:00:00,"Six Nations, Nordic World Ski Championships"
2021-03-05 00:00:00,"Six Nations, Nordic World Ski Championships"
2021-03-06 00:00:00,"Six Nations, Nordic World Ski Championships, America's Cup"
2021-03-07 00:00:00,"Six Nations, Nordic World Ski Championships, America's Cup"
2021-03-08 00:00:00,"Six Nations, America's Cup"
2021-03-09 00:00:00,"Six Nations, America's Cup"
2021-03-10 00:00:00,"Six Nations, America's Cup"
2021-03-11 00:00:00,"Six Nations, America's Cup"
2021-03-12 00:00:00,"Six Nations, America's Cup"
2021-03-13 00:00:00,"Six Nations, America's Cup"
2021-03-14 00:00:00,"Six Nations, America's Cup"
2021-03-15 00:00:00,"Six Nations, America's Cup"
2021-03-16 00:00:00,"Six Nations, America's Cup"
2021-03-17 00:00:00,"Six Nations, America's Cup"
2021-03-18 00:00:00,"Six Nations, America's Cup"
2021-03-19 00:00:00,"Six Nations, America's Cup"
2021-03-20 00:00:00,"Six Nations, America's Cup"
2021-03-21 00:00:00,America's Cup
2021-03-22 00:00:00,
2021-03-23 00:00:00,
2021-03-24 00:00:00,
2021-03-25 00:00:00,
2021-03-26 00:00:00,
2021-03-27 00:00:00,
2021-03-28 00:00:00,
2021-03-29 00:00:00,
2021-03-30 00:00:00,
2021-03-31 00:00:00,
2021-04-01 00:00:00,
2021-04-02 00:00:00,
2021-04-03 00:00:00,
2021-04-04 00:00:00,
2021-04-05 00:00:00,
2021-04-06 00:00:00,
2021-04-07 00:00:00,
2021-04-08 00:00:00,Masters
2021-04-09 00:00:00,Masters
2021-04-10 00:00:00,"Masters, Grand National"
2021-04-11 00:00:00,Masters
2021-04-12 00:00:00,
2021-04-13 00:00:00,
2021-04-14 00:00:00,
2021-04-15 00:00:00,
2021-04-16 00:00:00,
2021-04-17 00:00:00,World Snooker Championship
2021-04-18 00:00:00,World Snooker Championship
2021-04-19 00:00:00,World Snooker Championship
2021-04-20 00:00:00,World Snooker Championship
2021-04-21 00:00:00,World Snooker Championship
2021-04-22 00:00:00,World Snooker Championship
2021-04-23 00:00:00,World Snooker Championship
2021-04-24 00:00:00,World Snooker Championship
2021-04-25 00:00:00,World Snooker Championship
2021-04-26 00:00:00,World Snooker Championship
2021-04-27 00:00:00,World Snooker Championship
2021-04-28 00:00:00,World Snooker Championship
2021-04-29 00:00:00,World Snooker Championship
2021-04-30 00:00:00,World Snooker Championship
2021-05-01 00:00:00,"World Snooker Championship, Kentucky Derby"
2021-05-02 00:00:00,World Snooker Championship
2021-05-03 00:00:00,World Snooker Championship
2021-05-04 00:00:00,
2021-05-05 00:00:00,
2021-05-06 00:00:00,
2021-05-07 00:00:00,
2021-05-08 00:00:00,
2021-05-09 00:00:00,
2021-05-10 00:00:00,
2021-05-11 00:00:00,
2021-05-12 00:00:00,
2021-05-13 00:00:00,
2021-05-14 00:00:00,
2021-05-15 00:00:00,FA Cup final
2021-05-16 00:00:00,
2021-05-17 00:00:00,
2021-05-18 00:00:00,
2021-05-19 00:00:00,
2021-05-20 00:00:00,US PGA
2021-05-21 00:00:00,"US PGA, IIHF World Championship"
2021-05-22 00:00:00,"US PGA, IIHF World Championship"
2021-05-23 00:00:00,"US PGA, IIHF World Championship"
2021-05-24 00:00:00,IIHF World Championship
2021-05-25 00:00:00,IIHF World Championship
2021-05-26 00:00:00,IIHF World Championship
2021-05-27 00:00:00,IIHF World Championship
2021-05-28 00:00:00,IIHF World Championship
2021-05-29 00:00:00,"IIHF World Championship, UEFA Champions League Final"
2021-05-30 00:00:00,"IIHF World Championship, Indianapolis 500, French Open"
2021-05-31 00:00:00,"IIHF World Championship, French Open"
2021-06-01 00:00:00,"IIHF World Championship, French Open"
2021-06-02 00:00:00,"IIHF World Championship, French Open"
2021-06-03 00:00:00,"IIHF World Championship, French Open"
2021-06-04 00:00:00,"IIHF World Championship, French Open"
2021-06-05 00:00:00,"IIHF World Championship, French Open"
2021-06-06 00:00:00,"IIHF World Championship, French Open"
2021-06-07 00:00:00,French Open
2021-06-08 00:00:00,French Open
2021-06-09 00:00:00,French Open
2021-06-10 00:00:00,French Open
2021-06-11 00:00:00,"French Open, Euro 2020"
2021-06-12 00:00:00,"French Open, Euro 2020"
2021-06-13 00:00:00,"French Open, Euro 2020, 47th Copa América"
2021-06-14 00:00:00,"Euro 2020, 47th Copa América"
2021-06-15 00:00:00,"Euro 2020, 47th Copa América"
2021-06-16 00:00:00,"Euro 2020, 47th Copa América"
2021-06-17 00:00:00,"Euro 2020, 47th Copa América, US Open"
2021-06-18 00:00:00,"Euro 2020, 47th Copa América, US Open"
2021-06-19 00:00:00,"Euro 2020, 47th Copa América, US Open"
2021-06-20 00:00:00,"Euro 2020, 47th Copa América, US Open"
2021-06-21 00:00:00,"Euro 2020, 47th Copa América"
2021-06-22 00:00:00,"Euro 2020, 47th Copa América"
2021-06-23 00:00:00,"Euro 2020, 47th Copa América"
2021-06-24 00:00:00,"Euro 2020, 47th Copa América"
2021-06-25 00:00:00,"Euro 2020, 47th Copa América"
2021-06-26 00:00:00,"Euro 2020, 47th Copa América, Tour de France"
2021-06-27 00:00:00,"Euro 2020, 47th Copa América, Tour de France"
2021-06-28 00:00:00,"Euro 2020, 47th Copa América, Tour de France, Stanley Cup finals, Wimbledon"
2021-06-29 00:00:00,"Euro 2020, 47th Copa América, Tour de France, Stanley Cup finals, Wimbledon"
2021-06-30 00:00:00,"Euro 2020, 47th Copa América, Tour de France, Stanley Cup finals, Wimbledon"
2021-07-01 00:00:00,"Euro 2020, 47th Copa América, Tour de France, Stanley Cup finals, Wimbledon"
2021-07-02 00:00:00,"Euro 2020, 47th Copa América, Tour de France, Stanley Cup finals, Wimbledon"
2021-07-03 00:00:00,"Euro 2020, 47th Copa América, Tour de France, Stanley Cup finals, Wimbledon"
2021-07-04 00:00:00,"Euro 2020, 47th Copa América, Tour de France, Stanley Cup finals, Wimbledon"
2021-07-05 00:00:00,"Euro 2020, 47th Copa América, Tour de France, Stanley Cup finals, Wimbledon"
2021-07-06 00:00:00,"Euro 2020, 47th Copa América, Tour de France, Stanley Cup finals, Wimbledon, NBA Finals"
2021-07-07 00:00:00,"Euro 2020, 47th Copa América, Tour de France, Stanley Cup finals, Wimbledon, NBA Finals"
2021-07-08 00:00:00,"Euro 2020, 47th Copa América, Tour de France, Wimbledon, NBA Finals"
2021-07-09 00:00:00,"Euro 2020, 47th Copa América, Tour de France, Wimbledon, NBA Finals"
2021-07-10 00:00:00,"Euro 2020, 47th Copa América, Tour de France, Wimbledon, NBA Finals"
2021-07-11 00:00:00,"Euro 2020, Tour de France, Wimbledon, NBA Finals"
2021-07-12 00:00:00,"Tour de France, NBA Finals"
2021-07-13 00:00:00,"Tour de France, NBA Finals"
2021-07-14 00:00:00,"Tour de France, NBA Finals, Summer X Games"
2021-07-15 00:00:00,"Tour de France, NBA Finals, Summer X Games, The Open Championship"
2021-07-16 00:00:00,"Tour de France, NBA Finals, Summer X Games, The Open Championship"
2021-07-17 00:00:00,"Tour de France, NBA Finals, Summer X Games, The Open Championship"
2021-07-18 00:00:00,"Tour de France, NBA Finals, Summer X Games, The Open Championship"
2021-07-19 00:00:00,NBA Finals
2021-07-20 00:00:00,NBA Finals
2021-07-21 00:00:00,
2021-07-22 00:00:00,
2021-07-23 00:00:00,Summer Olympics
2021-07-24 00:00:00,Summer Olympics
2021-07-25 00:00:00,Summer Olympics
2021-07-26 00:00:00,Summer Olympics
2021-07-27 00:00:00,Summer Olympics
2021-07-28 00:00:00,Summer Olympics
2021-07-29 00:00:00,Summer Olympics
2021-07-30 00:00:00,Summer Olympics
2021-07-31 00:00:00,Summer Olympics
2021-08-01 00:00:00,Summer Olympics
2021-08-02 00:00:00,Summer Olympics
2021-08-03 00:00:00,Summer Olympics
2021-08-04 00:00:00,Summer Olympics
2021-08-05 00:00:00,Summer Olympics
2021-08-06 00:00:00,Summer Olympics
2021-08-07 00:00:00,Summer Olympics
2021-08-08 00:00:00,Summer Olympics
2021-08-09 00:00:00,
2021-08-10 00:00:00,
2021-08-11 00:00:00,
2021-08-12 00:00:00,
2021-08-13 00:00:00,
2021-08-14 00:00:00,
2021-08-15 00:00:00,
2021-08-16 00:00:00,
2021-08-17 00:00:00,
2021-08-18 00:00:00,
2021-08-19 00:00:00,
2021-08-20 00:00:00,
2021-08-21 00:00:00,89th 24 Hours of Le Mans
2021-08-22 00:00:00,89th 24 Hours of Le Mans
2021-08-23 00:00:00,
2021-08-24 00:00:00,Paralympic Games
2021-08-25 00:00:00,Paralympic Games
2021-08-26 00:00:00,Paralympic Games
2021-08-27 00:00:00,Paralympic Games
2021-08-28 00:00:00,Paralympic Games
2021-08-29 00:00:00,Paralympic Games
2021-08-30 00:00:00,"Paralympic Games, US Open"
2021-08-31 00:00:00,"Paralympic Games, US Open"
2021-09-01 00:00:00,"Paralympic Games, US Open"
2021-09-02 00:00:00,"Paralympic Games, US Open"
2021-09-03 00:00:00,"Paralympic Games, US Open"
2021-09-04 00:00:00,"Paralympic Games, US Open, Solheim Cup"
2021-09-05 00:00:00,"Paralympic Games, US Open, Solheim Cup"
2021-09-06 00:00:00,"US Open, Solheim Cup"
2021-09-07 00:00:00,US Open
2021-09-08 00:00:00,US Open
2021-09-09 00:00:00,US Open
2021-09-10 00:00:00,US Open
2021-09-11 00:00:00,US Open
2021-09-12 00:00:00,US Open
2021-09-13 00:00:00,
2021-09-14 00:00:00,
2021-09-15 00:00:00,
2021-09-16 00:00:00,
2021-09-17 00:00:00,
2021-09-18 00:00:00,
2021-09-19 00:00:00,UCI Road World Championships
2021-09-20 00:00:00,UCI Road World Championships
2021-09-21 00:00:00,UCI Road World Championships
2021-09-22 00:00:00,UCI Road World Championships
2021-09-23 00:00:00,UCI Road World Championships
2021-09-24 00:00:00,"UCI Road World Championships, Ryder Cup"
2021-09-25 00:00:00,"UCI Road World Championships, Ryder Cup, Grand Final"
2021-09-26 00:00:00,"UCI Road World Championships, Ryder Cup"
2021-09-27 00:00:00,
2021-09-28 00:00:00,
2021-09-29 00:00:00,
2021-09-30 00:00:00,
2021-10-01 00:00:00,
2021-10-02 00:00:00,
2021-10-03 00:00:00,NRL Grand Final
2021-10-04 00:00:00,
2021-10-05 00:00:00,
2021-10-06 00:00:00,
2021-10-07 00:00:00,
2021-10-08 00:00:00,
2021-10-09 00:00:00,
2021-10-10 00:00:00,
2021-10-11 00:00:00,
2021-10-12 00:00:00,
2021-10-13 00:00:00,
2021-10-14 00:00:00,
2021-10-15 00:00:00,
2021-10-16 00:00:00,
2021-10-17 00:00:00,ICC World T20 (men)
2021-10-18 00:00:00,ICC World T20 (men)
2021-10-19 00:00:00,ICC World T20 (men)
2021-10-20 00:00:00,"ICC World T20 (men), World Track Championships"
2021-10-21 00:00:00,"ICC World T20 (men), World Track Championships"
2021-10-22 00:00:00,"ICC World T20 (men), World Track Championships"
2021-10-23 00:00:00,"ICC World T20 (men), World Track Championships"
2021-10-24 00:00:00,"ICC World T20 (men), World Track Championships"
2021-10-25 00:00:00,"ICC World T20 (men), AIBA World Championships (men)"
2021-10-26 00:00:00,"ICC World T20 (men), World Series, AIBA World Championships (men)"
2021-10-27 00:00:00,"ICC World T20 (men), World Series, AIBA World Championships (men)"
2021-10-28 00:00:00,"ICC World T20 (men), World Series, AIBA World Championships (men)"
2021-10-29 00:00:00,"ICC World T20 (men), World Series, AIBA World Championships (men)"
2021-10-30 00:00:00,"ICC World T20 (men), World Series, AIBA World Championships (men)"
2021-10-31 00:00:00,"ICC World T20 (men), World Series, AIBA World Championships (men)"
2021-11-01 00:00:00,"ICC World T20 (men), World Series, AIBA World Championships (men)"
2021-11-02 00:00:00,"ICC World T20 (men), World Series, AIBA World Championships (men), Melbourne Cup"
2021-11-03 00:00:00,"ICC World T20 (men), AIBA World Championships (men)"
2021-11-04 00:00:00,"ICC World T20 (men), AIBA World Championships (men)"
2021-11-05 00:00:00,"ICC World T20 (men), AIBA World Championships (men)"
2021-11-06 00:00:00,"ICC World T20 (men), AIBA World Championships (men)"
2021-11-07 00:00:00,ICC World T20 (men)
2021-11-08 00:00:00,ICC World T20 (men)
2021-11-09 00:00:00,ICC World T20 (men)
2021-11-10 00:00:00,ICC World T20 (men)
2021-11-11 00:00:00,ICC World T20 (men)
2021-11-12 00:00:00,ICC World T20 (men)
2021-11-13 00:00:00,ICC World T20 (men)
2021-11-14 00:00:00,ICC World T20 (men)
2021-11-15 00:00:00,
2021-11-16 00:00:00,
2021-11-17 00:00:00,
2021-11-18 00:00:00,
2021-11-19 00:00:00,
2021-11-20 00:00:00,
2021-11-21 00:00:00,
2021-11-22 00:00:00,
2021-11-23 00:00:00,World Championship
2021-11-24 00:00:00,World Championship
2021-11-25 00:00:00,World Championship
2021-11-26 00:00:00,World Championship
2021-11-27 00:00:00,World Championship
2021-11-28 00:00:00,World Championship
2021-11-29 00:00:00,World Championship
2021-11-30 00:00:00,
2021-12-01 00:00:00,
2021-12-02 00:00:00,World Championships (women)
2021-12-03 00:00:00,World Championships (women)
2021-12-04 00:00:00,World Championships (women)
2021-12-05 00:00:00,World Championships (women)
2021-12-06 00:00:00,World Championships (women)
2021-12-07 00:00:00,"World Championships (women), World Championships"
2021-12-08 00:00:00,"World Championships (women), World Championships"
2021-12-09 00:00:00,"World Championships (women), World Championships"
2021-12-10 00:00:00,"World Championships (women), World Championships"
2021-12-11 00:00:00,"World Championships (women), World Championships, Winter FISU World University Games"
2021-12-12 00:00:00,"World Championships (women), World Championships, Winter FISU World University Games"
2021-12-13 00:00:00,"World Championships (women), World Championships, Winter FISU World University Games"
2021-12-14 00:00:00,"World Championships (women), World Championships, Winter FISU World University Games"
2021-12-15 00:00:00,"World Championships (women), World Championships, Winter FISU World University Games"
2021-12-16 00:00:00,"World Championships (women), World Championships, Winter FISU World University Games, FINA World Swimming Championships (25m)"
2021-12-17 00:00:00,"World Championships (women), World Championships, Winter FISU World University Games, FINA World Swimming Championships (25m)"
2021-12-18 00:00:00,"World Championships (women), Winter FISU World University Games, FINA World Swimming Championships (25m)"
2021-12-19 00:00:00,"World Championships (women), Winter FISU World University Games, FINA World Swimming Championships (25m)"
2021-12-20 00:00:00,"Winter FISU World University Games, FINA World Swimming Championships (25m)"
2021-12-21 00:00:00,"Winter FISU World University Games, FINA World Swimming Championships (25m)"
2021-12-22 00:00:00,
2021-12-23 00:00:00,
2021-12-24 00:00:00,
2021-12-25 00:00:00,
2021-12-26 00:00:00,
2021-12-27 00:00:00,
2021-12-28 00:00:00,
2021-12-29 00:00:00,
2021-12-30 00:00:00,
2021-12-31 00:00:00,
2022-01-01 00:00:00,
2022-01-02 00:00:00,
2022-01-03 00:00:00,
2022-01-04 00:00:00,
2022-01-05 00:00:00,
2022-01-06 00:00:00,
2022-01-07 00:00:00,
2022-01-08 00:00:00,
2022-01-09 00:00:00,Africa Cup of Nations
2022-01-10 00:00:00,Africa Cup of Nations
2022-01-11 00:00:00,Africa Cup of Nations
2022-01-12 00:00:00,Africa Cup of Nations
2022-01-13 00:00:00,Africa Cup of Nations
2022-01-14 00:00:00,Africa Cup of Nations
2022-01-15 00:00:00,Africa Cup of Nations
2022-01-16 00:00:00,Africa Cup of Nations
2022-01-17 00:00:00,"Africa Cup of Nations, Australian Open"
2022-01-18 00:00:00,"Africa Cup of Nations, Australian Open"
2022-01-19 00:00:00,"Africa Cup of Nations, Australian Open"
2022-01-20 00:00:00,"Africa Cup of Nations, Australian Open"
2022-01-21 00:00:00,"Africa Cup of Nations, Australian Open, Winter X Games 26"
2022-01-22 00:00:00,"Africa Cup of Nations, Australian Open, Winter X Games 26"
2022-01-23 00:00:00,"Africa Cup of Nations, Australian Open, Winter X Games 26"
2022-01-24 00:00:00,"Africa Cup of Nations, Australian Open"
2022-01-25 00:00:00,"Africa Cup of Nations, Australian Open"
2022-01-26 00:00:00,"Africa Cup of Nations, Australian Open"
2022-01-27 00:00:00,"Africa Cup of Nations, Australian Open"
2022-01-28 00:00:00,"Africa Cup of Nations, Australian Open"
2022-01-29 00:00:00,"Africa Cup of Nations, Australian Open"
2022-01-30 00:00:00,"Africa Cup of Nations, Australian Open"
2022-01-31 00:00:00,Africa Cup of Nations
2022-02-01 00:00:00,Africa Cup of Nations
2022-02-02 00:00:00,Africa Cup of Nations
2022-02-03 00:00:00,Africa Cup of Nations
2022-02-04 00:00:00,"Africa Cup of Nations, Winter Olympics"
2022-02-05 00:00:00,"Africa Cup of Nations, Winter Olympics, Six Nations"
2022-02-06 00:00:00,"Africa Cup of Nations, Winter Olympics, Six Nations"
2022-02-07 00:00:00,"Winter Olympics, Six Nations"
2022-02-08 00:00:00,"Winter Olympics, Six Nations"
2022-02-09 00:00:00,"Winter Olympics, Six Nations"
2022-02-10 00:00:00,"Winter Olympics, Six Nations"
2022-02-11 00:00:00,"Winter Olympics, Six Nations"
2022-02-12 00:00:00,"Winter Olympics, Six Nations"
2022-02-13 00:00:00,"Winter Olympics, Six Nations, Super Bowl"
2022-02-14 00:00:00,"Winter Olympics, Six Nations"
2022-02-15 00:00:00,"Winter Olympics, Six Nations"
2022-02-16 00:00:00,"Winter Olympics, Six Nations"
2022-02-17 00:00:00,"Winter Olympics, Six Nations"
2022-02-18 00:00:00,"Winter Olympics, Six Nations"
2022-02-19 00:00:00,"Winter Olympics, Six Nations"
2022-02-20 00:00:00,"Winter Olympics, Six Nations"
2022-02-21 00:00:00,Six Nations
2022-02-22 00:00:00,Six Nations
2022-02-23 00:00:00,Six Nations
2022-02-24 00:00:00,Six Nations
2022-02-25 00:00:00,Six Nations
2022-02-26 00:00:00,Six Nations
2022-02-27 00:00:00,Six Nations
2022-02-28 00:00:00,Six Nations
2022-03-01 00:00:00,Six Nations
2022-03-02 00:00:00,Six Nations
2022-03-03 00:00:00,Six Nations
2022-03-04 00:00:00,"Six Nations, Winter Paralympics, ODI World Cup for women"
2022-03-05 00:00:00,"Six Nations, Winter Paralympics, ODI World Cup for women"
2022-03-06 00:00:00,"Six Nations, Winter Paralympics, ODI World Cup for women"
2022-03-07 00:00:00,"Six Nations, Winter Paralympics, ODI World Cup for women"
2022-03-08 00:00:00,"Six Nations, Winter Paralympics, ODI World Cup for women"
2022-03-09 00:00:00,"Six Nations, Winter Paralympics, ODI World Cup for women"
2022-03-10 00:00:00,"Six Nations, Winter Paralympics, ODI World Cup for women"
2022-03-11 00:00:00,"Six Nations, Winter Paralympics, ODI World Cup for women"
2022-03-12 00:00:00,"Six Nations, Winter Paralympics, ODI World Cup for women"
2022-03-13 00:00:00,"Six Nations, Winter Paralympics, ODI World Cup for women"
2022-03-14 00:00:00,"Six Nations, ODI World Cup for women"
2022-03-15 00:00:00,"Six Nations, ODI World Cup for women"
2022-03-16 00:00:00,"Six Nations, ODI World Cup for women"
2022-03-17 00:00:00,"Six Nations, ODI World Cup for women"
2022-03-18 00:00:00,"Six Nations, ODI World Cup for women"
2022-03-19 00:00:00,"Six Nations, ODI World Cup for women"
2022-03-20 00:00:00,ODI World Cup for women
2022-03-21 00:00:00,ODI World Cup for women
2022-03-22 00:00:00,"ODI World Cup for women, Winter Military World Games"
2022-03-23 00:00:00,"ODI World Cup for women, Winter Military World Games"
2022-03-24 00:00:00,"ODI World Cup for women, Winter Military World Games"
2022-03-25 00:00:00,"ODI World Cup for women, Winter Military World Games"
2022-03-26 00:00:00,"ODI World Cup for women, Winter Military World Games"
2022-03-27 00:00:00,"ODI World Cup for women, Winter Military World Games"
2022-03-28 00:00:00,ODI World Cup for women
2022-03-29 00:00:00,ODI World Cup for women
2022-03-30 00:00:00,ODI World Cup for women
2022-03-31 00:00:00,ODI World Cup for women
2022-04-01 00:00:00,ODI World Cup for women
2022-04-02 00:00:00,ODI World Cup for women
2022-04-03 00:00:00,ODI World Cup for women
2022-04-04 00:00:00,
2022-04-05 00:00:00,
2022-04-06 00:00:00,
2022-04-07 00:00:00,Masters
2022-04-08 00:00:00,Masters
2022-04-09 00:00:00,"Masters, Grand National"
2022-04-10 00:00:00,Masters
2022-04-11 00:00:00,
2022-04-12 00:00:00,
2022-04-13 00:00:00,
2022-04-14 00:00:00,
2022-04-15 00:00:00,
2022-04-16 00:00:00,"Invictus Games, World Snooker Championship"
2022-04-17 00:00:00,"Invictus Games, World Snooker Championship"
2022-04-18 00:00:00,"Invictus Games, World Snooker Championship"
2022-04-19 00:00:00,"Invictus Games, World Snooker Championship"
2022-04-20 00:00:00,"Invictus Games, World Snooker Championship"
2022-04-21 00:00:00,"Invictus Games, World Snooker Championship"
2022-04-22 00:00:00,"Invictus Games, World Snooker Championship"
2022-04-23 00:00:00,World Snooker Championship
2022-04-24 00:00:00,World Snooker Championship
2022-04-25 00:00:00,World Snooker Championship
2022-04-26 00:00:00,World Snooker Championship
2022-04-27 00:00:00,World Snooker Championship
2022-04-28 00:00:00,World Snooker Championship
2022-04-29 00:00:00,World Snooker Championship
2022-04-30 00:00:00,World Snooker Championship
2022-05-01 00:00:00,World Snooker Championship
2022-05-02 00:00:00,World Snooker Championship
2022-05-03 00:00:00,
2022-05-04 00:00:00,
2022-05-05 00:00:00,
2022-05-06 00:00:00,
2022-05-07 00:00:00,Kentucky Derby
2022-05-08 00:00:00,
2022-05-09 00:00:00,
2022-05-10 00:00:00,
2022-05-11 00:00:00,
2022-05-12 00:00:00,South-East Asian Games
2022-05-13 00:00:00,"South-East Asian Games, World Masters Games (Summer), IIHF World Championship"
2022-05-14 00:00:00,"South-East Asian Games, World Masters Games (Summer), IIHF World Championship"
2022-05-15 00:00:00,"South-East Asian Games, World Masters Games (Summer), IIHF World Championship"
2022-05-16 00:00:00,"South-East Asian Games, World Masters Games (Summer), IIHF World Championship"
2022-05-17 00:00:00,"South-East Asian Games, World Masters Games (Summer), IIHF World Championship"
2022-05-18 00:00:00,"South-East Asian Games, World Masters Games (Summer), IIHF World Championship"
2022-05-19 00:00:00,"South-East Asian Games, World Masters Games (Summer), IIHF World Championship, US PGA"
2022-05-20 00:00:00,"South-East Asian Games, World Masters Games (Summer), IIHF World Championship, US PGA"
2022-05-21 00:00:00,"South-East Asian Games, World Masters Games (Summer), IIHF World Championship, US PGA"
2022-05-22 00:00:00,"South-East Asian Games, World Masters Games (Summer), IIHF World Championship, US PGA, French Open"
2022-05-23 00:00:00,"South-East Asian Games, World Masters Games (Summer), IIHF World Championship, French Open"
2022-05-24 00:00:00,"World Masters Games (Summer), IIHF World Championship, French Open"
2022-05-25 00:00:00,"World Masters Games (Summer), IIHF World Championship, French Open"
2022-05-26 00:00:00,"World Masters Games (Summer), IIHF World Championship, French Open"
2022-05-27 00:00:00,"World Masters Games (Summer), IIHF World Championship, French Open"
2022-05-28 00:00:00,"World Masters Games (Summer), IIHF World Championship, French Open, UEFA Champions League Final"
2022-05-29 00:00:00,"World Masters Games (Summer), IIHF World Championship, French Open, Indianapolis 500"
2022-05-30 00:00:00,French Open
2022-05-31 00:00:00,French Open
2022-06-01 00:00:00,French Open
2022-06-02 00:00:00,"French Open, NBA Finals"
2022-06-03 00:00:00,"French Open, NBA Finals"
2022-06-04 00:00:00,"French Open, NBA Finals"
2022-06-05 00:00:00,"French Open, NBA Finals"
2022-06-06 00:00:00,NBA Finals
2022-06-07 00:00:00,NBA Finals
2022-06-08 00:00:00,NBA Finals
2022-06-09 00:00:00,NBA Finals
2022-06-10 00:00:00,NBA Finals
2022-06-11 00:00:00,NBA Finals
2022-06-12 00:00:00,NBA Finals
2022-06-13 00:00:00,NBA Finals
2022-06-14 00:00:00,NBA Finals
2022-06-15 00:00:00,"NBA Finals, Stanley Cup finals"
2022-06-16 00:00:00,"NBA Finals, Stanley Cup finals, US Open"
2022-06-17 00:00:00,"Stanley Cup finals, US Open"
2022-06-18 00:00:00,"Stanley Cup finals, US Open, World Aquatics Championships"
2022-06-19 00:00:00,"Stanley Cup finals, US Open, World Aquatics Championships"
2022-06-20 00:00:00,"Stanley Cup finals, World Aquatics Championships"
2022-06-21 00:00:00,"Stanley Cup finals, World Aquatics Championships"
2022-06-22 00:00:00,"Stanley Cup finals, World Aquatics Championships"
2022-06-23 00:00:00,"Stanley Cup finals, World Aquatics Championships"
2022-06-24 00:00:00,"Stanley Cup finals, World Aquatics Championships"
2022-06-25 00:00:00,"Stanley Cup finals, World Aquatics Championships"
2022-06-26 00:00:00,"Stanley Cup finals, World Aquatics Championships"
2022-06-27 00:00:00,"Stanley Cup finals, World Aquatics Championships, Wimbledon"
2022-06-28 00:00:00,"Stanley Cup finals, World Aquatics Championships, Wimbledon"
2022-06-29 00:00:00,"World Aquatics Championships, Wimbledon"
2022-06-30 00:00:00,"World Aquatics Championships, Wimbledon"
2022-07-01 00:00:00,"World Aquatics Championships, Wimbledon, Women's FIH Hockey World Cup, Tour de France"
2022-07-02 00:00:00,"World Aquatics Championships, Wimbledon, Women's FIH Hockey World Cup, Tour de France"
2022-07-03 00:00:00,"World Aquatics Championships, Wimbledon, Women's FIH Hockey World Cup, Tour de France"
2022-07-04 00:00:00,"Wimbledon, Women's FIH Hockey World Cup, Tour de France"
2022-07-05 00:00:00,"Wimbledon, Women's FIH Hockey World Cup, Tour de France"
2022-07-06 00:00:00,"Wimbledon, Women's FIH Hockey World Cup, Tour de France"
2022-07-07 00:00:00,"Wimbledon, Women's FIH Hockey World Cup, Tour de France, World Games"
2022-07-08 00:00:00,"Wimbledon, Women's FIH Hockey World Cup, Tour de France, World Games"
2022-07-09 00:00:00,"Wimbledon, Women's FIH Hockey World Cup, Tour de France, World Games"
2022-07-10 00:00:00,"Wimbledon, Women's FIH Hockey World Cup, Tour de France, World Games"
2022-07-11 00:00:00,"Women's FIH Hockey World Cup, Tour de France, World Games"
2022-07-12 00:00:00,"Women's FIH Hockey World Cup, Tour de France, World Games"
2022-07-13 00:00:00,"Women's FIH Hockey World Cup, Tour de France, World Games"
2022-07-14 00:00:00,"Women's FIH Hockey World Cup, Tour de France, World Games, The Open Championship"
2022-07-15 00:00:00,"Women's FIH Hockey World Cup, Tour de France, World Games, The Open Championship, IAAF World Championships"
2022-07-16 00:00:00,"Women's FIH Hockey World Cup, Tour de France, World Games, The Open Championship, IAAF World Championships"
2022-07-17 00:00:00,"Women's FIH Hockey World Cup, Tour de France, World Games, The Open Championship, IAAF World Championships"
2022-07-18 00:00:00,"Tour de France, IAAF World Championships"
2022-07-19 00:00:00,"Tour de France, IAAF World Championships"
2022-07-20 00:00:00,"Tour de France, IAAF World Championships, Summer X Games"
2022-07-21 00:00:00,"Tour de France, IAAF World Championships, Summer X Games"
2022-07-22 00:00:00,"Tour de France, IAAF World Championships, Summer X Games, World Police and Fire Games"
2022-07-23 00:00:00,"Tour de France, IAAF World Championships, Summer X Games, World Police and Fire Games"
2022-07-24 00:00:00,"Tour de France, IAAF World Championships, Summer X Games, World Police and Fire Games, Tour de France Femmes"
2022-07-25 00:00:00,"World Police and Fire Games, Tour de France Femmes"
2022-07-26 00:00:00,"World Police and Fire Games, Tour de France Femmes"
2022-07-27 00:00:00,"World Police and Fire Games, Tour de France Femmes"
2022-07-28 00:00:00,"World Police and Fire Games, Tour de France Femmes, Commonwealth Games, IFAF Women's American Football Championships"
2022-07-29 00:00:00,"World Police and Fire Games, Tour de France Femmes, Commonwealth Games, IFAF Women's American Football Championships"
2022-07-30 00:00:00,"World Police and Fire Games, Tour de France Femmes, Commonwealth Games, IFAF Women's American Football Championships"
2022-07-31 00:00:00,"World Police and Fire Games, Tour de France Femmes, Commonwealth Games, IFAF Women's American Football Championships"
2022-08-01 00:00:00,"Commonwealth Games, IFAF Women's American Football Championships"
2022-08-02 00:00:00,"Commonwealth Games, IFAF Women's American Football Championships"
2022-08-03 00:00:00,"Commonwealth Games, IFAF Women's American Football Championships"
2022-08-04 00:00:00,"Commonwealth Games, IFAF Women's American Football Championships"
2022-08-05 00:00:00,"Commonwealth Games, IFAF Women's American Football Championships"
2022-08-06 00:00:00,"Commonwealth Games, IFAF Women's American Football Championships, FEI World Equestrian Games"
2022-08-07 00:00:00,"Commonwealth Games, IFAF Women's American Football Championships, FEI World Equestrian Games"
2022-08-08 00:00:00,"Commonwealth Games, IFAF Women's American Football Championships, FEI World Equestrian Games"
2022-08-09 00:00:00,"FEI World Equestrian Games, Islamic Solidarity Games"
2022-08-10 00:00:00,"FEI World Equestrian Games, Islamic Solidarity Games"
2022-08-11 00:00:00,"FEI World Equestrian Games, Islamic Solidarity Games, European Sports Championships"
2022-08-12 00:00:00,"FEI World Equestrian Games, Islamic Solidarity Games, European Sports Championships"
2022-08-13 00:00:00,"FEI World Equestrian Games, Islamic Solidarity Games, European Sports Championships"
2022-08-14 00:00:00,"FEI World Equestrian Games, Islamic Solidarity Games, European Sports Championships"
2022-08-15 00:00:00,"Islamic Solidarity Games, European Sports Championships"
2022-08-16 00:00:00,"Islamic Solidarity Games, European Sports Championships"
2022-08-17 00:00:00,"Islamic Solidarity Games, European Sports Championships"
2022-08-18 00:00:00,"Islamic Solidarity Games, European Sports Championships"
2022-08-19 00:00:00,European Sports Championships
2022-08-20 00:00:00,European Sports Championships
2022-08-21 00:00:00,European Sports Championships
2022-08-22 00:00:00,
2022-08-23 00:00:00,
2022-08-24 00:00:00,
2022-08-25 00:00:00,
2022-08-26 00:00:00,World Volleyball Championships (men)
2022-08-27 00:00:00,World Volleyball Championships (men)
2022-08-28 00:00:00,World Volleyball Championships (men)
2022-08-29 00:00:00,"World Volleyball Championships (men), US Open"
2022-08-30 00:00:00,"World Volleyball Championships (men), US Open"
2022-08-31 00:00:00,"World Volleyball Championships (men), US Open"
2022-09-01 00:00:00,"World Volleyball Championships (men), US Open"
2022-09-02 00:00:00,"World Volleyball Championships (men), US Open"
2022-09-03 00:00:00,"World Volleyball Championships (men), US Open"
2022-09-04 00:00:00,"World Volleyball Championships (men), US Open"
2022-09-05 00:00:00,"World Volleyball Championships (men), US Open"
2022-09-06 00:00:00,"World Volleyball Championships (men), US Open"
2022-09-07 00:00:00,"World Volleyball Championships (men), US Open"
2022-09-08 00:00:00,"World Volleyball Championships (men), US Open"
2022-09-09 00:00:00,"World Volleyball Championships (men), US Open, Rugby World Cup Sevens"
2022-09-10 00:00:00,"World Volleyball Championships (men), US Open, Rugby World Cup Sevens"
2022-09-11 00:00:00,"World Volleyball Championships (men), US Open, Rugby World Cup Sevens"
2022-09-12 00:00:00,
2022-09-13 00:00:00,
2022-09-14 00:00:00,
2022-09-15 00:00:00,
2022-09-16 00:00:00,
2022-09-17 00:00:00,
2022-09-18 00:00:00,"UCI Road World Championships, World Rowing Championships"
2022-09-19 00:00:00,"UCI Road World Championships, World Rowing Championships, Presidents Cup"
2022-09-20 00:00:00,"UCI Road World Championships, World Rowing Championships, Presidents Cup"
2022-09-21 00:00:00,"UCI Road World Championships, World Rowing Championships, Presidents Cup"
2022-09-22 00:00:00,"UCI Road World Championships, World Rowing Championships, Presidents Cup, FIBA Women's Basketball World Cup"
2022-09-23 00:00:00,"UCI Road World Championships, World Rowing Championships, Presidents Cup, FIBA Women's Basketball World Cup, World Volleyball Championships (women)"
2022-09-24 00:00:00,"UCI Road World Championships, World Rowing Championships, Presidents Cup, FIBA Women's Basketball World Cup, World Volleyball Championships (women), Grand Final"
2022-09-25 00:00:00,"UCI Road World Championships, World Rowing Championships, Presidents Cup, FIBA Women's Basketball World Cup, World Volleyball Championships (women)"
2022-09-26 00:00:00,"FIBA Women's Basketball World Cup, World Volleyball Championships (women)"
2022-09-27 00:00:00,"FIBA Women's Basketball World Cup, World Volleyball Championships (women)"
2022-09-28 00:00:00,"FIBA Women's Basketball World Cup, World Volleyball Championships (women)"
2022-09-29 00:00:00,"FIBA Women's Basketball World Cup, World Volleyball Championships (women)"
2022-09-30 00:00:00,"FIBA Women's Basketball World Cup, World Volleyball Championships (women), World Championship"
2022-10-01 00:00:00,"FIBA Women's Basketball World Cup, World Volleyball Championships (women), World Championship, South American Games"
2022-10-02 00:00:00,"World Volleyball Championships (women), World Championship, South American Games, NRL Grand Final"
2022-10-03 00:00:00,"World Volleyball Championships (women), World Championship, South American Games"
2022-10-04 00:00:00,"World Volleyball Championships (women), World Championship, South American Games"
2022-10-05 00:00:00,"World Volleyball Championships (women), World Championship, South American Games"
2022-10-06 00:00:00,"World Volleyball Championships (women), World Championship, South American Games"
2022-10-07 00:00:00,"World Volleyball Championships (women), World Championship, South American Games"
2022-10-08 00:00:00,"World Volleyball Championships (women), World Championship, South American Games, Womens World Cup"
2022-10-09 00:00:00,"World Volleyball Championships (women), World Championship, South American Games, Womens World Cup"
2022-10-10 00:00:00,"World Volleyball Championships (women), South American Games, Womens World Cup"
2022-10-11 00:00:00,"World Volleyball Championships (women), South American Games, Womens World Cup"
2022-10-12 00:00:00,"World Volleyball Championships (women), South American Games, Womens World Cup, World Track Championships"
2022-10-13 00:00:00,"World Volleyball Championships (women), South American Games, Womens World Cup, World Track Championships"
2022-10-14 00:00:00,"World Volleyball Championships (women), South American Games, Womens World Cup, World Track Championships"
2022-10-15 00:00:00,"World Volleyball Championships (women), South American Games, Womens World Cup, World Track Championships, World Cup"
2022-10-16 00:00:00,"Womens World Cup, World Track Championships, World Cup, ICC World T20 (men)"
2022-10-17 00:00:00,"Womens World Cup, World Cup, ICC World T20 (men)"
2022-10-18 00:00:00,"Womens World Cup, World Cup, ICC World T20 (men)"
2022-10-19 00:00:00,"Womens World Cup, World Cup, ICC World T20 (men)"
2022-10-20 00:00:00,"Womens World Cup, World Cup, ICC World T20 (men)"
2022-10-21 00:00:00,"Womens World Cup, World Cup, ICC World T20 (men)"
2022-10-22 00:00:00,"Womens World Cup, World Cup, ICC World T20 (men)"
2022-10-23 00:00:00,"Womens World Cup, World Cup, ICC World T20 (men)"
2022-10-24 00:00:00,"Womens World Cup, World Cup, ICC World T20 (men)"
2022-10-25 00:00:00,"Womens World Cup, World Cup, ICC World T20 (men)"
2022-10-26 00:00:00,"Womens World Cup, World Cup, ICC World T20 (men)"
2022-10-27 00:00:00,"Womens World Cup, World Cup, ICC World T20 (men)"
2022-10-28 00:00:00,"Womens World Cup, World Cup, ICC World T20 (men), World Series"
2022-10-29 00:00:00,"Womens World Cup, World Cup, ICC World T20 (men), World Series"
2022-10-30 00:00:00,"Womens World Cup, World Cup, ICC World T20 (men), World Series"
2022-10-31 00:00:00,"Womens World Cup, World Cup, ICC World T20 (men), World Series"
2022-11-01 00:00:00,"Womens World Cup, World Cup, ICC World T20 (men), World Series, Melbourne Cup"
2022-11-02 00:00:00,"Womens World Cup, World Cup, ICC World T20 (men), World Series"
2022-11-03 00:00:00,"Womens World Cup, World Cup, ICC World T20 (men), World Series"
2022-11-04 00:00:00,"Womens World Cup, World Cup, ICC World T20 (men), World Series"
2022-11-05 00:00:00,"Womens World Cup, World Cup, ICC World T20 (men), World Series"
2022-11-06 00:00:00,"Womens World Cup, World Cup, ICC World T20 (men)"
2022-11-07 00:00:00,"Womens World Cup, World Cup, ICC World T20 (men)"
2022-11-08 00:00:00,"Womens World Cup, World Cup, ICC World T20 (men)"
2022-11-09 00:00:00,"Womens World Cup, World Cup, ICC World T20 (men)"
2022-11-10 00:00:00,"Womens World Cup, World Cup, ICC World T20 (men)"
2022-11-11 00:00:00,"Womens World Cup, World Cup, ICC World T20 (men)"
2022-11-12 00:00:00,"Womens World Cup, World Cup, ICC World T20 (men)"
2022-11-13 00:00:00,"World Cup, ICC World T20 (men)"
2022-11-14 00:00:00,World Cup
2022-11-15 00:00:00,World Cup
2022-11-16 00:00:00,World Cup
2022-11-17 00:00:00,World Cup
2022-11-18 00:00:00,World Cup
2022-11-19 00:00:00,World Cup
2022-11-20 00:00:00,
2022-11-21 00:00:00,FIFA World Cup
2022-11-22 00:00:00,FIFA World Cup
2022-11-23 00:00:00,FIFA World Cup
2022-11-24 00:00:00,FIFA World Cup
2022-11-25 00:00:00,FIFA World Cup
2022-11-26 00:00:00,FIFA World Cup
2022-11-27 00:00:00,FIFA World Cup
2022-11-28 00:00:00,FIFA World Cup
2022-11-29 00:00:00,FIFA World Cup
2022-11-30 00:00:00,FIFA World Cup
2022-12-01 00:00:00,FIFA World Cup
2022-12-02 00:00:00,FIFA World Cup
2022-12-03 00:00:00,FIFA World Cup
2022-12-04 00:00:00,FIFA World Cup
2022-12-05 00:00:00,"FIFA World Cup, World Championships"
2022-12-06 00:00:00,"FIFA World Cup, World Championships"
2022-12-07 00:00:00,"FIFA World Cup, World Championships"
2022-12-08 00:00:00,"FIFA World Cup, World Championships"
2022-12-09 00:00:00,"FIFA World Cup, World Championships"
2022-12-10 00:00:00,"FIFA World Cup, World Championships"
2022-12-11 00:00:00,"FIFA World Cup, World Championships"
2022-12-12 00:00:00,"FIFA World Cup, World Championships"
2022-12-13 00:00:00,"FIFA World Cup, World Championships, FINA World Swimming Championships (25m)"
2022-12-14 00:00:00,"FIFA World Cup, World Championships, FINA World Swimming Championships (25m)"
2022-12-15 00:00:00,"FIFA World Cup, World Championships, FINA World Swimming Championships (25m)"
2022-12-16 00:00:00,"FIFA World Cup, World Championships, FINA World Swimming Championships (25m)"
2022-12-17 00:00:00,"FIFA World Cup, FINA World Swimming Championships (25m)"
2022-12-18 00:00:00,"FIFA World Cup, FINA World Swimming Championships (25m)"
2022-12-19 00:00:00,
2022-12-20 00:00:00,
2022-12-21 00:00:00,
2022-12-22 00:00:00,
2022-12-23 00:00:00,
2022-12-24 00:00:00,
2022-12-25 00:00:00,
2022-12-26 00:00:00,
2022-12-27 00:00:00,
2022-12-28 00:00:00,
2022-12-29 00:00:00,
2022-12-30 00:00:00,
2022-12-31 00:00:00,
